<?xml version="1.0" encoding="UTF-8"?>
<Forms>
    <Form Class="Window" LAnchorPoint="0" LAnchorOffset="321" TAnchorPoint="0" TAnchorOffset="341" RAnchorPoint="0" RAnchorOffset="611" BAnchorPoint="0" BAnchorOffset="556" RelativeToClient="1" Font="Default" Text="" BGColor="UI_WindowBGDefault" TextColor="UI_WindowTextDefault" Template="Default" TooltipType="OnCursor" Name="Settings" Border="1" Picture="1" SwallowMouseClicks="1" Moveable="1" Escapable="1" Overlapped="1" TooltipColor="" Tooltip="">
        <Control Class="Window" LAnchorPoint="0" LAnchorOffset="0" TAnchorPoint="0" TAnchorOffset="0" RAnchorPoint="1" RAnchorOffset="0" BAnchorPoint="1" BAnchorOffset="0" RelativeToClient="1" Font="Default" Text="" BGColor="UI_AlphaPercent75" TextColor="UI_WindowTextDefault" Template="Default" TooltipType="OnCursor" Name="BG" TooltipColor="" Sprite="CRB_Basekit:kitBase_MetalGrey_Medium" Picture="1" IgnoreMouse="1"/>
        <Control Class="Window" LAnchorPoint="0" LAnchorOffset="1" TAnchorPoint="0" TAnchorOffset="1" RAnchorPoint="1" RAnchorOffset="-1" BAnchorPoint="0" BAnchorOffset="35" RelativeToClient="1" Font="CRB_InterfaceLarge_BBO" Text="LootSquid Options" BGColor="UI_WindowBGDefault" TextColor="xkcdPaleGrey" Template="Default" TooltipType="OnCursor" Name="Title" TooltipColor="" Sprite="CRB_UIKitSprites:spr_tableheading" Picture="1" IgnoreMouse="1" TextId="" DT_VCENTER="1" DT_CENTER="1" NewWindowDepth="1" Border="1"/>
        <Control Class="Window" LAnchorPoint="0" LAnchorOffset="5" TAnchorPoint="0" TAnchorOffset="35" RAnchorPoint="1" RAnchorOffset="-5" BAnchorPoint="1" BAnchorOffset="-5" RelativeToClient="1" Font="Default" Text="" BGColor="UI_WindowBGDefault" TextColor="UI_WindowTextDefault" Template="Default" TooltipType="OnCursor" Name="Options" TooltipColor="" IgnoreMouse="1" NewWindowDepth="1" Tooltip="">
            <Control Class="Button" Base="BK3:btnMetal_Check_small" Font="DefaultButton" ButtonType="Check" RadioGroup="" LAnchorPoint="0" LAnchorOffset="5" TAnchorPoint="0" TAnchorOffset="0" RAnchorPoint="1" RAnchorOffset="-50" BAnchorPoint="0" BAnchorOffset="35" DT_VCENTER="1" DT_CENTER="0" BGColor="UI_BtnBGDefault" TextColor="UI_BtnTextDefault" NormalTextColor="UI_BtnTextDefault" PressedTextColor="UI_BtnTextDefault" FlybyTextColor="UI_BtnTextDefault" PressedFlybyTextColor="UI_BtnTextDefault" DisabledTextColor="UI_BtnTextDefault" TooltipType="OnCursor" Name="Mark" TooltipColor="" Text="Auto-mark ML with Squid" TextId="" Tooltip="Why? Because Loot Squid." TooltipId="" NewWindowDepth="1" DrawAsCheckbox="1" CheckboxRight="0" DrawHotkey="0" UseWindowTextColor="0">
                <Event Name="ButtonCheck" Function="OnCheckbox"/>
                <Event Name="ButtonUncheck" Function="OnCheckbox"/>
            </Control>
            <Control Class="Button" Base="BK3:btnMetal_Check_small" Font="DefaultButton" ButtonType="Check" RadioGroup="" LAnchorPoint="0" LAnchorOffset="5" TAnchorPoint="0" TAnchorOffset="35" RAnchorPoint="1" RAnchorOffset="-50" BAnchorPoint="0" BAnchorOffset="70" DT_VCENTER="1" DT_CENTER="0" BGColor="UI_BtnBGDefault" TextColor="UI_BtnTextDefault" NormalTextColor="UI_BtnTextDefault" PressedTextColor="UI_BtnTextDefault" FlybyTextColor="UI_BtnTextDefault" PressedFlybyTextColor="UI_BtnTextDefault" DisabledTextColor="UI_BtnTextDefault" TooltipType="OnCursor" Name="AutoLoot" TooltipColor="" Text="Auto-loot guild things" TextId="" Tooltip="Auto-loot the things that usually go to guild banks, See [?] for all the things." TooltipId="" NewWindowDepth="1" DrawAsCheckbox="1" CheckboxRight="0" DrawHotkey="0" UseWindowTextColor="0" Visible="1" HideInEditor="0">
                <Event Name="ButtonCheck" Function="OnCheckbox"/>
                <Event Name="ButtonUncheck" Function="OnCheckbox"/>
                <Control Class="Window" LAnchorPoint="1" LAnchorOffset="0" TAnchorPoint="0" TAnchorOffset="0" RAnchorPoint="1" RAnchorOffset="50" BAnchorPoint="1" BAnchorOffset="0" RelativeToClient="1" Font="Default" Text="[?]" BGColor="UI_WindowBGDefault" TextColor="xkcdLightishBlue" Template="Default" TooltipType="OnCursor" Name="Tooltip" TooltipColor="" TextId="" DT_VCENTER="1" DT_CENTER="1" Tooltip="" IgnoreMouse="1" DoNotBlockTooltip="1" NoClip="1"/>
            </Control>
            <Control Class="Button" Base="BK3:btnMetal_Check_small" Font="DefaultButton" ButtonType="Check" RadioGroup="" LAnchorPoint="0" LAnchorOffset="5" TAnchorPoint="0" TAnchorOffset="70" RAnchorPoint="1" RAnchorOffset="-5" BAnchorPoint="0" BAnchorOffset="105" DT_VCENTER="1" DT_CENTER="0" BGColor="UI_BtnBGDefault" TextColor="UI_BtnTextDefault" NormalTextColor="UI_BtnTextDefault" PressedTextColor="UI_BtnTextDefault" FlybyTextColor="UI_BtnTextDefault" PressedFlybyTextColor="UI_BtnTextDefault" DisabledTextColor="UI_BtnTextDefault" TooltipType="OnCursor" Name="Queue" TooltipColor="" Text="Use Loot Queue for out of range people " TextId="" Tooltip="When comparing stats, use runes + gear  (Carbine&apos;s style)" TooltipId="" NewWindowDepth="1" DrawAsCheckbox="1" CheckboxRight="0" DrawHotkey="0" UseWindowTextColor="0" Visible="0" HideInEditor="1">
                <Event Name="ButtonCheck" Function="OnCheckbox"/>
                <Event Name="ButtonUncheck" Function="OnCheckbox"/>
            </Control>
            <Control Class="Window" LAnchorPoint="0" LAnchorOffset="10" TAnchorPoint="0" TAnchorOffset="40" RAnchorPoint="1" RAnchorOffset="-5" BAnchorPoint="1" BAnchorOffset="-5" RelativeToClient="1" Font="CRB_Interface10_BBO" Text="" BGColor="UI_WindowBGDefault" TextColor="UI_WindowTextDefault" Template="Default" TooltipType="OnCursor" Name="OptionsList" TooltipColor="" DT_VCENTER="0" Picture="0" IgnoreMouse="1" TextId="MiniMap_MapOptions" NewWindowDepth="1" HideInEditor="1" Visible="0">
                <Control Class="Window" LAnchorPoint="0" LAnchorOffset="20" TAnchorPoint="0" TAnchorOffset="25" RAnchorPoint="1" RAnchorOffset="0" BAnchorPoint="0" BAnchorOffset="50" RelativeToClient="1" Font="CRB_InterfaceMedium_B" Text="" BGColor="UI_WindowBGDefault" TextColor="UI_WindowTextDefault" Template="Default" TooltipType="OnCursor" Name="1" TooltipColor="" TextId="CRB_1" DT_VCENTER="1" DT_CENTER="0" IgnoreMouse="1" NewWindowDepth="1">
                    <Control Class="EditBox" LAnchorPoint="0" LAnchorOffset="50" TAnchorPoint="0" TAnchorOffset="0" RAnchorPoint="1" RAnchorOffset="0" BAnchorPoint="1" BAnchorOffset="0" RelativeToClient="1" Font="CRB_InterfaceMedium_B" Text="" BGColor="UI_WindowBGDefault" TextColor="UI_WindowTextDefault" Template="Default" TooltipType="OnCursor" Name="1" TooltipColor="" Picture="1" Sprite="CRB_UIKitSprites:spr_iconslotEMPTY" NewWindowDepth="1" DT_CENTER="1" DT_VCENTER="1">
                        <Event Name="EditBoxChanged" Function="OnOptionChanged"/>
                    </Control>
                </Control>
                <Control Class="Window" LAnchorPoint="0" LAnchorOffset="20" TAnchorPoint="0" TAnchorOffset="50" RAnchorPoint="1" RAnchorOffset="0" BAnchorPoint="0" BAnchorOffset="75" RelativeToClient="1" Font="CRB_InterfaceMedium_B" Text="" BGColor="UI_WindowBGDefault" TextColor="UI_WindowTextDefault" Template="Default" TooltipType="OnCursor" Name="2" TooltipColor="" TextId="CRB_2" DT_VCENTER="1" DT_CENTER="0" IgnoreMouse="1" NewWindowDepth="1">
                    <Control Class="EditBox" LAnchorPoint="0" LAnchorOffset="50" TAnchorPoint="0" TAnchorOffset="0" RAnchorPoint="1" RAnchorOffset="0" BAnchorPoint="1" BAnchorOffset="0" RelativeToClient="1" Font="CRB_InterfaceMedium_B" Text="" BGColor="UI_WindowBGDefault" TextColor="UI_WindowTextDefault" Template="Default" TooltipType="OnCursor" Name="2" TooltipColor="" Picture="1" Sprite="CRB_UIKitSprites:spr_iconslotEMPTY" NewWindowDepth="1" DT_CENTER="1" DT_VCENTER="1">
                        <Event Name="EditBoxChanged" Function="OnOptionChanged"/>
                    </Control>
                </Control>
                <Control Class="Window" LAnchorPoint="0" LAnchorOffset="20" TAnchorPoint="0" TAnchorOffset="75" RAnchorPoint="1" RAnchorOffset="0" BAnchorPoint="0" BAnchorOffset="100" RelativeToClient="1" Font="CRB_InterfaceMedium_B" Text="" BGColor="UI_WindowBGDefault" TextColor="UI_WindowTextDefault" Template="Default" TooltipType="OnCursor" Name="3" TooltipColor="" TextId="CRB_3" DT_VCENTER="1" DT_CENTER="0" IgnoreMouse="1" NewWindowDepth="1">
                    <Control Class="EditBox" LAnchorPoint="0" LAnchorOffset="50" TAnchorPoint="0" TAnchorOffset="0" RAnchorPoint="1" RAnchorOffset="0" BAnchorPoint="1" BAnchorOffset="0" RelativeToClient="1" Font="CRB_InterfaceMedium_B" Text="" BGColor="UI_WindowBGDefault" TextColor="UI_WindowTextDefault" Template="Default" TooltipType="OnCursor" Name="3" TooltipColor="" Picture="1" Sprite="CRB_UIKitSprites:spr_iconslotEMPTY" NewWindowDepth="1" DT_CENTER="1" DT_BOTTOM="0" DT_VCENTER="1">
                        <Event Name="EditBoxChanged" Function="OnOptionChanged"/>
                    </Control>
                </Control>
            </Control>
            <Control Class="Window" LAnchorPoint="0" LAnchorOffset="5" TAnchorPoint="0" TAnchorOffset="70" RAnchorPoint="1" RAnchorOffset="-5" BAnchorPoint="0" BAnchorOffset="105" RelativeToClient="1" Font="DefaultButton" Text="" BGColor="UI_WindowBGDefault" TextColor="UI_WindowTextDefault" Template="Default" TooltipType="OnCursor" Name="Opacity" TooltipColor="" TextId="ChatLog_OpacityLabel" DT_CENTER="0" DT_VCENTER="1">
                <Control Class="SliderBar" LAnchorPoint="0" LAnchorOffset="60" TAnchorPoint="0" TAnchorOffset="5" RAnchorPoint="1" RAnchorOffset="0" BAnchorPoint="1" BAnchorOffset="-5" RelativeToClient="1" Font="Default" Text="" BGColor="UI_WindowBGDefault" TextColor="UI_WindowTextDefault" Template="Default" TooltipType="OnCursor" Name="Slider" TooltipColor="" LeftCap="" RightCap="" Middle="CRB_CharacterCreateSprites:sprCharC_SliderBack" Thumb="OldMetalSprites:OldMetalVScrollThumb" InitialValue="1.000000" IncButton="" DecButton="" DrawTicks="0" DiscreteTicks="0" TickAmount="0.010000" UseButtons="0" InstantMouseReact="0" Tooltip="" Max="1.000000">
                    <Event Name="SliderBarChanged" Function="OnOpacitySlider"/>
                </Control>
            </Control>
        </Control>
        <Control Class="Button" LAnchorPoint="1" LAnchorOffset="-35" TAnchorPoint="0" TAnchorOffset="0" RAnchorPoint="1" RAnchorOffset="0" BAnchorPoint="0" BAnchorOffset="40" RelativeToClient="1" Font="Default" Text="" BGColor="UI_WindowBGDefault" TextColor="UI_WindowTextDefault" Template="Default" TooltipType="OnCursor" Name="Close" TooltipColor="" Picture="0" IgnoreMouse="1" NewWindowDepth="1" NormalTextColor="ffffffff" PressedTextColor="ffffffff" FlybyTextColor="ffffffff" PressedFlybyTextColor="ffffffff" DisabledTextColor="ffffffff" Base="BK3:btnMetal_SearchClear">
            <Event Name="ButtonSignal" Function="OnCloseWindow"/>
        </Control>
        <Control Class="Button" Base="CRB_Basekit:kitBtn_Metal_IconBaseStretch" Font="DefaultButton" ButtonType="PushButton" RadioGroup="" LAnchorPoint="1" LAnchorOffset="-120" TAnchorPoint="1" TAnchorOffset="-35" RAnchorPoint="1" RAnchorOffset="-5" BAnchorPoint="1" BAnchorOffset="-5" DT_VCENTER="1" DT_CENTER="1" BGColor="UI_BtnBGDefault" TextColor="ChatCircle1" NormalTextColor="UI_BtnTextDefault" PressedTextColor="UI_BtnTextDefault" FlybyTextColor="UI_BtnTextDefault" PressedFlybyTextColor="UI_BtnTextDefault" DisabledTextColor="UI_BtnTextDefault" TooltipType="OnCursor" Name="Save" TooltipColor="" Picture="0" Text="" TextId="CRB_Close" RelativeToClient="1" NewWindowDepth="1" IgnoreMouse="0" DrawAsCheckbox="0" CheckboxRight="0" DrawHotkey="0" UseWindowTextColor="1" DrawClientSprite="0">
            <Event Name="ButtonSignal" Function="OnCloseWindow"/>
        </Control>
        <Control Class="Button" Base="CRB_Basekit:kitBtn_Metal_IconBaseStretch" Font="DefaultButton" ButtonType="PushButton" RadioGroup="" LAnchorPoint="0" LAnchorOffset="5" TAnchorPoint="1" TAnchorOffset="-35" RAnchorPoint="0" RAnchorOffset="75" BAnchorPoint="1" BAnchorOffset="-5" DT_VCENTER="1" DT_CENTER="1" BGColor="UI_BtnBGDefault" TextColor="AddonError" NormalTextColor="UI_BtnTextDefault" PressedTextColor="UI_BtnTextDefault" FlybyTextColor="UI_BtnTextDefault" PressedFlybyTextColor="UI_BtnTextDefault" DisabledTextColor="UI_BtnTextDefault" TooltipType="OnCursor" Name="Defaults" TooltipColor="" Picture="0" Text="Defaults" TextId="" RelativeToClient="1" NewWindowDepth="1" IgnoreMouse="0" DrawAsCheckbox="0" CheckboxRight="0" DrawHotkey="0" UseWindowTextColor="1" DrawClientSprite="0">
            <Event Name="ButtonSignal" Function="OnDefaults"/>
        </Control>
    </Form>
    <Form Class="Window" LAnchorPoint="0" LAnchorOffset="664" TAnchorPoint="0" TAnchorOffset="295" RAnchorPoint="0" RAnchorOffset="964" BAnchorPoint="0" BAnchorOffset="325" RelativeToClient="1" Font="Default" Text="" BGColor="UI_WindowBGDefault" TextColor="UI_WindowTextDefault" Template="Default" TooltipType="OnCursor" Name="Form" Border="0" Picture="0" SwallowMouseClicks="1" Moveable="1" Escapable="0" Overlapped="0" TooltipColor="" Sizable="0" Tooltip="" IgnoreMouse="1" NoClip="1" Visible="1" HideInEditor="0" NewWindowDepth="1" LeftEdgeControlsAnchor="" TopEdgeControlsAnchor="" RightEdgeControlsAnchor="" BottomEdgeControlsAnchor="">
        <Control Class="Window" LAnchorPoint="0" LAnchorOffset="0" TAnchorPoint="0" TAnchorOffset="0" RAnchorPoint="0" RAnchorOffset="600" BAnchorPoint="0" BAnchorOffset="334" RelativeToClient="1" Font="Default" Text="" BGColor="UI_WindowBGDefault" TextColor="UI_WindowTextDefault" Template="Default" TooltipType="OnCursor" Name="Main" Border="0" Picture="0" SwallowMouseClicks="1" Moveable="0" Escapable="0" Overlapped="0" TooltipColor="" Sizable="1" Tooltip="" IgnoreMouse="1" NoClip="1" Visible="1" HideInEditor="0" NewWindowDepth="1" RightEdgeControlsAnchor="" LeftEdgeControlsAnchor="" TopEdgeControlsAnchor="">
            <Control Class="Window" LAnchorPoint="0" LAnchorOffset="0" TAnchorPoint="0" TAnchorOffset="0" RAnchorPoint=".5" RAnchorOffset="0" BAnchorPoint="1" BAnchorOffset="0" RelativeToClient="1" Font="Default" Text="" BGColor="UI_WindowBGDefault" TextColor="UI_WindowTextDefault" Template="Default" TooltipType="OnCursor" Name="ItemWindow" Border="0" Picture="0" SwallowMouseClicks="1" Moveable="0" Escapable="0" Overlapped="0" TooltipColor="" Sizable="0" NewWindowDepth="1" IgnoreMouse="1" UseParentOpacity="1">
                <Control Class="Window" LAnchorPoint="0" LAnchorOffset="0" TAnchorPoint="0" TAnchorOffset="30" RAnchorPoint="1" RAnchorOffset="0" BAnchorPoint="1" BAnchorOffset="0" RelativeToClient="1" Font="Default" Text="" BGColor="UI_WindowBGDefault" TextColor="UI_WindowTextDefault" Template="Default" TooltipType="OnCursor" Name="BG" TooltipColor="" Sprite="CRB_Basekit:kitBase_MetalGrey_Medium" Picture="1" IgnoreMouse="1" Sizable="0" Moveable="0" Overlapped="1" HideInEditor="0" TestAlpha="0" NewWindowDepth="1" UseParentOpacity="1"/>
                <Control Class="Window" LAnchorPoint="0" LAnchorOffset="10" TAnchorPoint="0" TAnchorOffset="30" RAnchorPoint="1" RAnchorOffset="0" BAnchorPoint="1" BAnchorOffset="-10" RelativeToClient="1" Font="Default" Text="" BGColor="UI_WindowBGDefault" TextColor="UI_WindowTextDefault" Template="Default" TooltipType="OnCursor" Name="ItemList" TooltipColor="" Picture="1" IgnoreMouse="0" Sprite="CRB_Basekit:kitBase_MetalGrey_Tiny" NewWindowDepth="1" VScroll="1" HideInEditor="0" HScroll="0" TestAlpha="0" UseParentOpacity="1"/>
            </Control>
            <Control Class="Window" LAnchorPoint=".5" LAnchorOffset="0" TAnchorPoint="0" TAnchorOffset="0" RAnchorPoint="1" RAnchorOffset="0" BAnchorPoint="1" BAnchorOffset="0" RelativeToClient="1" Font="Default" Text="" BGColor="UI_WindowBGDefault" TextColor="UI_WindowTextDefault" Template="Default" TooltipType="OnCursor" Name="PlayerWindow" Border="0" Picture="0" SwallowMouseClicks="1" Moveable="0" Escapable="0" Overlapped="0" TooltipColor="" Sizable="0" NewWindowDepth="1" IgnoreMouse="1" VScroll="0" NoClip="1" HideInEditor="0" UseParentOpacity="1">
                <Control Class="Window" LAnchorPoint="0" LAnchorOffset="0" TAnchorPoint="0" TAnchorOffset="30" RAnchorPoint="1" RAnchorOffset="0" BAnchorPoint="1" BAnchorOffset="0" RelativeToClient="1" Font="Default" Text="" BGColor="UI_WindowBGDefault" TextColor="UI_WindowTextDefault" Template="Default" TooltipType="OnCursor" Name="BG" TooltipColor="" Sprite="CRB_Basekit:kitBase_MetalGrey_Medium" Picture="1" IgnoreMouse="1" Sizable="0" Moveable="0" Overlapped="1" NoClip="0" NewWindowDepth="1" HideInEditor="0" TestAlpha="0" UseParentOpacity="1"/>
                <Control Class="Window" LAnchorPoint="0" LAnchorOffset="0" TAnchorPoint="0" TAnchorOffset="0" RAnchorPoint="1" RAnchorOffset="-110" BAnchorPoint="0" BAnchorOffset="30" RelativeToClient="1" Font="CRB_Interface10_B" Text="" BGColor="UI_WindowBGDefault" TextColor="UI_WindowTextDefault" Template="Default" TooltipType="OnCursor" Name="Text" TooltipColor="" DT_CENTER="1" DT_VCENTER="1" TextId="CRB_MasterLoot_Window_Title" IgnoreMouse="1" Overlapped="1" NoClip="0" NewWindowDepth="1" Sprite="CRB_Basekit:kitBase_MetalGrey_Medium" Picture="1" HideInEditor="1" AutoScaleTextOff="1"/>
                <Control Class="Window" LAnchorPoint="0" LAnchorOffset="0" TAnchorPoint="0" TAnchorOffset="30" RAnchorPoint="1" RAnchorOffset="-10" BAnchorPoint="1" BAnchorOffset="-10" RelativeToClient="1" Font="Default" Text="" BGColor="UI_WindowBGDefault" TextColor="UI_WindowTextDefault" Template="Default" TooltipType="OnCursor" Name="PlayerList" TooltipColor="" Picture="1" IgnoreMouse="0" Sprite="CRB_Basekit:kitBase_MetalGrey_Tiny" NewWindowDepth="1" VScroll="1" Overlapped="0" TestAlpha="0" UseParentOpacity="1"/>
                <Control Class="Button" Base="CRB_UIKitSprites:btn_listBG_Arrow" Font="DefaultButton" ButtonType="PushButton" RadioGroup="" LAnchorPoint="1" LAnchorOffset="-110" TAnchorPoint="0" TAnchorOffset="5" RAnchorPoint="1" RAnchorOffset="-20" BAnchorPoint="0" BAnchorOffset="30" DT_VCENTER="1" DT_CENTER="1" BGColor="UI_BtnBGDefault" TextColor="xkcdTomatoRed" NormalTextColor="UI_BtnTextDefault" PressedTextColor="UI_BtnTextDefault" FlybyTextColor="UI_BtnTextDefault" PressedFlybyTextColor="UI_BtnTextDefault" DisabledTextColor="UI_BtnTextDefault" TooltipType="OnCursor" Name="All" TooltipColor="" NewWindowDepth="1" IfHoldNoSignal="1" DrawAsCheckbox="0" NoClip="1" RelativeToClient="1" Text="Loot ALL..." TextId="" UseWindowTextColor="1" HideInEditor="1" Visible="0">
                    <Event Name="ButtonSignal" Function="OnAllButton"/>
                    <Control Class="Window" LAnchorPoint="1" LAnchorOffset="0" TAnchorPoint="0" TAnchorOffset="0" RAnchorPoint="2" RAnchorOffset="0" BAnchorPoint="0" BAnchorOffset="50" RelativeToClient="1" Font="Default" Text="" BGColor="UI_WindowBGDefault" TextColor="UI_WindowTextDefault" Template="Default" TooltipType="OnCursor" Name="Confirm" TooltipColor="" IgnoreMouse="1" NewWindowDepth="1" Picture="0" Overlapped="0" NoClip="1">
                        <Control Class="Window" LAnchorPoint="0" LAnchorOffset="0" TAnchorPoint="0" TAnchorOffset="0" RAnchorPoint="1" RAnchorOffset="0" BAnchorPoint=".33" BAnchorOffset="0" RelativeToClient="1" Font="Default" Text="" BGColor="UI_WindowBGDefault" TextColor="UI_WindowTextDefault" Template="Default" TooltipType="OnCursor" Name="BG" TooltipColor="" Sprite="CRB_Basekit:kitBase_MetalGrey_Medium" Picture="1" IgnoreMouse="1" Sizable="0" Moveable="0" Overlapped="0" NoClip="0" NewWindowDepth="1" HideInEditor="1" TestAlpha="0" AutoFadeBG="0" UseParentOpacity="0" UseTemplateBG="0" Visible="0"/>
                        <Control Class="Button" Base="CRB_UIKitSprites:btn_listBG" Font="DefaultButton" ButtonType="PushButton" RadioGroup="" LAnchorPoint="0" LAnchorOffset="0" TAnchorPoint="0" TAnchorOffset="0" RAnchorPoint="1" RAnchorOffset="0" BAnchorPoint=".5" BAnchorOffset="0" DT_VCENTER="1" DT_CENTER="1" BGColor="UI_BtnBGDefault" TextColor="UI_BtnTextDefault" NormalTextColor="UI_BtnTextDefault" PressedTextColor="UI_BtnTextDefault" FlybyTextColor="UI_BtnTextDefault" PressedFlybyTextColor="UI_BtnTextDefault" DisabledTextColor="UI_BtnTextDefault" TooltipType="OnCursor" Name="Randomly" TooltipColor="" NewWindowDepth="1" Text="Randomly" TextId="" IfHoldNoSignal="1" NoClip="1">
                            <Event Name="ButtonSignal" Function="OnConfirm"/>
                        </Control>
                        <Control Class="Button" Base="CRB_UIKitSprites:btn_listBG" Font="DefaultButton" ButtonType="PushButton" RadioGroup="" LAnchorPoint="0" LAnchorOffset="0" TAnchorPoint=".5" TAnchorOffset="0" RAnchorPoint="1" RAnchorOffset="0" BAnchorPoint="1" BAnchorOffset="0" DT_VCENTER="1" DT_CENTER="1" BGColor="UI_BtnBGDefault" TextColor="UI_BtnTextDefault" NormalTextColor="UI_BtnTextDefault" PressedTextColor="UI_BtnTextDefault" FlybyTextColor="UI_BtnTextDefault" PressedFlybyTextColor="UI_BtnTextDefault" DisabledTextColor="UI_BtnTextDefault" TooltipType="OnCursor" Name="ToSelf" TooltipColor="" NewWindowDepth="1" Text="To Self" TextId="" IfHoldNoSignal="1" NoClip="1">
                            <Event Name="ButtonSignal" Function="OnConfirm"/>
                        </Control>
                    </Control>
                </Control>
            </Control>
            <Control Class="Window" LAnchorPoint="0" LAnchorOffset="0" TAnchorPoint="0" TAnchorOffset="0" RAnchorPoint=".5" RAnchorOffset="0" BAnchorPoint="0" BAnchorOffset="30" RelativeToClient="1" Font="Default" Text="" BGColor="UI_WindowBGDefault" TextColor="UI_WindowTextDefault" Template="Default" TooltipType="OnCursor" Name="HolderHelper" TooltipColor="" Visible="0" RightEdgeControlsAnchor="" HideInEditor="1"/>
            <Event Name="WindowSizeChanged" Function="OnMainResize"/>
        </Control>
        <Control Class="Window" LAnchorPoint="0" LAnchorOffset="0" TAnchorPoint="0" TAnchorOffset="0" RAnchorPoint="0" RAnchorOffset="300" BAnchorPoint="0" BAnchorOffset="30" RelativeToClient="1" Font="CRB_Interface11_BB" Text="" BGColor="UI_WindowBGDefault" TextColor="UI_WindowTextDefault" Template="Default" TooltipType="OnCursor" Name="Title" TooltipColor="" DT_CENTER="0" DT_VCENTER="1" TextId="" IgnoreMouse="1" Overlapped="1" Sprite="CRB_Basekit:kitBase_MetalGrey_Medium" Picture="1" AutoScaleTextOff="1" DT_RIGHT="1" NewWindowDepth="1" NoClip="1" RightEdgeControlsAnchor="">
            <Control Class="Button" Base="CRB_Trading:btnTradeIncreaseLarge" Font="DefaultButton" ButtonType="PushButton" RadioGroup="" LAnchorPoint="0" LAnchorOffset="1" TAnchorPoint="0" TAnchorOffset="7" RAnchorPoint="0" RAnchorOffset="31" BAnchorPoint="1" BAnchorOffset="0" DT_VCENTER="1" DT_CENTER="1" BGColor="UI_BtnBGDefault" TextColor="UI_BtnTextDefault" NormalTextColor="UI_BtnTextDefault" PressedTextColor="UI_BtnTextDefault" FlybyTextColor="UI_BtnTextDefault" PressedFlybyTextColor="UI_BtnTextDefault" DisabledTextColor="UI_BtnTextDefault" TooltipType="OnCursor" Name="Hide" TooltipColor="" IfHoldNoSignal="1">
                <Event Name="ButtonSignal" Function="OnHide"/>
            </Control>
            <Control Class="Button" Base="CRB_Trading:btnTradeDecreaseLarge" Font="DefaultButton" ButtonType="PushButton" RadioGroup="" LAnchorPoint="0" LAnchorOffset="1" TAnchorPoint="0" TAnchorOffset="7" RAnchorPoint="0" RAnchorOffset="31" BAnchorPoint="1" BAnchorOffset="0" DT_VCENTER="1" DT_CENTER="1" BGColor="UI_BtnBGDefault" TextColor="UI_BtnTextDefault" NormalTextColor="UI_BtnTextDefault" PressedTextColor="UI_BtnTextDefault" FlybyTextColor="UI_BtnTextDefault" PressedFlybyTextColor="UI_BtnTextDefault" DisabledTextColor="UI_BtnTextDefault" TooltipType="OnCursor" Name="Show" TooltipColor="" IfHoldNoSignal="1">
                <Event Name="ButtonSignal" Function="OnShow"/>
            </Control>
            <Control Class="Window" LAnchorPoint="0" LAnchorOffset="30" TAnchorPoint="0" TAnchorOffset="0" RAnchorPoint="1" RAnchorOffset="-30" BAnchorPoint="1" BAnchorOffset="0" RelativeToClient="1" Font="CRB_InterfaceLarge_BB" Text="Undistributed Loot" BGColor="UI_WindowBGDefault" TextColor="UI_WindowTextDefault" Template="Default" TooltipType="OnCursor" Name="Text" TooltipColor="" TextId="" IgnoreMouse="1" AutoScaleTextOff="1" DT_CENTER="1" DT_VCENTER="1" NewWindowDepth="1" NoClip="0"/>
            <Control Class="Button" Base="QuestLogSprites:btnQuestOptions" Font="DefaultButton" ButtonType="PushButton" RadioGroup="" LAnchorPoint="1" LAnchorOffset="-35" TAnchorPoint="0" TAnchorOffset="5" RAnchorPoint="1" RAnchorOffset="-15" BAnchorPoint="0" BAnchorOffset="25" DT_VCENTER="1" DT_CENTER="1" BGColor="UI_BtnBGDefault" TextColor="UI_BtnTextDefault" NormalTextColor="UI_BtnTextDefault" PressedTextColor="UI_BtnTextDefault" FlybyTextColor="UI_BtnTextDefault" PressedFlybyTextColor="UI_BtnTextDefault" DisabledTextColor="UI_BtnTextDefault" TooltipType="OnCursor" Name="Options" TooltipColor="" Picture="0" NewWindowDepth="1" NoClip="1" IfHoldNoSignal="1">
                <Event Name="ButtonSignal" Function="OnOptionsButton"/>
            </Control>
            <Control Class="Button" Base="CRB_Basekit:kitBtn_Holo_Close2" Font="DefaultButton" ButtonType="PushButton" RadioGroup="" LAnchorPoint=".95" LAnchorOffset="0" TAnchorPoint=".05" TAnchorOffset="0" RAnchorPoint="1" RAnchorOffset="0" BAnchorPoint="0" BAnchorOffset="15" DT_VCENTER="1" DT_CENTER="1" BGColor="UI_BtnBGDefault" TextColor="UI_BtnTextDefault" NormalTextColor="UI_BtnTextDefault" PressedTextColor="UI_BtnTextDefault" FlybyTextColor="UI_BtnTextDefault" PressedFlybyTextColor="UI_BtnTextDefault" DisabledTextColor="UI_BtnTextDefault" TooltipType="OnCursor" Name="Close" TooltipColor="" IfHoldNoSignal="1">
                <Event Name="ButtonSignal" Function="OnSlashCommand"/>
            </Control>
            <Control Class="Button" Base="CRB_Basekit:kitBtn_Metal_Icon_InsetDownArrow" Font="DefaultButton" ButtonType="PushButton" RadioGroup="" LAnchorPoint="1" LAnchorOffset="-60" TAnchorPoint="0" TAnchorOffset="5" RAnchorPoint="1" RAnchorOffset="-40" BAnchorPoint="0" BAnchorOffset="25" DT_VCENTER="1" DT_CENTER="1" BGColor="gray" TextColor="UI_BtnTextDefault" NormalTextColor="UI_BtnTextDefault" PressedTextColor="UI_BtnTextDefault" FlybyTextColor="UI_BtnTextDefault" PressedFlybyTextColor="UI_BtnTextDefault" DisabledTextColor="UI_BtnTextDefault" TooltipType="OnCursor" Name="Refresh" TooltipColor="" NewWindowDepth="1" NoClip="1">
                <Event Name="ButtonSignal" Function="OnMasterLootUpdate"/>
                <Control Class="Window" LAnchorPoint="0" LAnchorOffset="0" TAnchorPoint="0" TAnchorOffset="0" RAnchorPoint="1" RAnchorOffset="0" BAnchorPoint="1" BAnchorOffset="0" RelativeToClient="1" Font="Default" Text="" BGColor="UI_WindowBGDefault" TextColor="UI_WindowTextDefault" Template="Default" TooltipType="OnCursor" Name="Window" TooltipColor="" Sprite="IconSprites:Icon_Windows_UI_CRB_Refresh" IgnoreMouse="1" NewWindowDepth="1" Picture="1" NoClip="1" Overlapped="0"/>
            </Control>
            <Control Class="Window" LAnchorPoint="1" LAnchorOffset="0" TAnchorPoint="0" TAnchorOffset="0" RAnchorPoint="2" RAnchorOffset="0" BAnchorPoint="0" BAnchorOffset="30" RelativeToClient="1" Font="CRB_Interface10_B" Text="" BGColor="UI_WindowBGDefault" TextColor="UI_WindowTextDefault" Template="Default" TooltipType="OnCursor" Name="MLTitle" TooltipColor="" DT_CENTER="1" DT_VCENTER="1" TextId="" IgnoreMouse="1" Overlapped="1" NoClip="1" NewWindowDepth="1" Sprite="CRB_Basekit:kitBase_MetalGrey_Medium" Picture="1" HideInEditor="0" AutoScaleTextOff="1">
                <Control Class="Window" LAnchorPoint="0" LAnchorOffset="0" TAnchorPoint="0" TAnchorOffset="0" RAnchorPoint="1" RAnchorOffset="-110" BAnchorPoint="0" BAnchorOffset="30" RelativeToClient="1" Font="CRB_Interface10_B" Text="" BGColor="UI_WindowBGDefault" TextColor="UI_WindowTextDefault" Template="Default" TooltipType="OnCursor" Name="MLText" TooltipColor="" DT_CENTER="1" DT_VCENTER="1" TextId="CRB_MasterLoot_Window_Title" IgnoreMouse="1" Overlapped="0" NoClip="0" NewWindowDepth="1" Sprite="CRB_Basekit:kitBase_MetalGrey_Medium" Picture="1" HideInEditor="0" AutoScaleTextOff="1"/>
                <Control Class="Button" Base="CRB_UIKitSprites:btn_listBG_Arrow" Font="DefaultButton" ButtonType="PushButton" RadioGroup="" LAnchorPoint="1" LAnchorOffset="-110" TAnchorPoint="0" TAnchorOffset="5" RAnchorPoint="1" RAnchorOffset="-20" BAnchorPoint="0" BAnchorOffset="30" DT_VCENTER="1" DT_CENTER="1" BGColor="UI_BtnBGDefault" TextColor="xkcdTomatoRed" NormalTextColor="UI_BtnTextDefault" PressedTextColor="UI_BtnTextDefault" FlybyTextColor="UI_BtnTextDefault" PressedFlybyTextColor="UI_BtnTextDefault" DisabledTextColor="UI_BtnTextDefault" TooltipType="OnCursor" Name="All" TooltipColor="" NewWindowDepth="1" IfHoldNoSignal="1" DrawAsCheckbox="0" NoClip="1" RelativeToClient="1" Text="Loot ALL..." TextId="" UseWindowTextColor="1" Picture="0">
                    <Event Name="ButtonSignal" Function="OnAllButton"/>
                    <Control Class="Window" LAnchorPoint="1" LAnchorOffset="0" TAnchorPoint="0" TAnchorOffset="0" RAnchorPoint="2" RAnchorOffset="0" BAnchorPoint="0" BAnchorOffset="50" RelativeToClient="1" Font="Default" Text="" BGColor="UI_WindowBGDefault" TextColor="UI_WindowTextDefault" Template="Default" TooltipType="OnCursor" Name="Confirm" TooltipColor="" IgnoreMouse="1" NewWindowDepth="1" Picture="0" Overlapped="0" NoClip="1">
                        <Control Class="Window" LAnchorPoint="0" LAnchorOffset="0" TAnchorPoint="0" TAnchorOffset="0" RAnchorPoint="1" RAnchorOffset="0" BAnchorPoint=".33" BAnchorOffset="0" RelativeToClient="1" Font="Default" Text="" BGColor="UI_WindowBGDefault" TextColor="UI_WindowTextDefault" Template="Default" TooltipType="OnCursor" Name="BG" TooltipColor="" Sprite="CRB_Basekit:kitBase_MetalGrey_Medium" Picture="1" IgnoreMouse="1" Sizable="0" Moveable="0" Overlapped="0" NoClip="0" NewWindowDepth="1" HideInEditor="1" TestAlpha="0" AutoFadeBG="0" UseParentOpacity="0" UseTemplateBG="0" Visible="0"/>
                        <Control Class="Button" Base="CRB_UIKitSprites:btn_listBG" Font="DefaultButton" ButtonType="PushButton" RadioGroup="" LAnchorPoint="0" LAnchorOffset="0" TAnchorPoint="0" TAnchorOffset="0" RAnchorPoint="1" RAnchorOffset="0" BAnchorPoint=".5" BAnchorOffset="0" DT_VCENTER="1" DT_CENTER="1" BGColor="UI_BtnBGDefault" TextColor="UI_BtnTextDefault" NormalTextColor="UI_BtnTextDefault" PressedTextColor="UI_BtnTextDefault" FlybyTextColor="UI_BtnTextDefault" PressedFlybyTextColor="UI_BtnTextDefault" DisabledTextColor="UI_BtnTextDefault" TooltipType="OnCursor" Name="Randomly" TooltipColor="" NewWindowDepth="1" Text="Randomly" TextId="" IfHoldNoSignal="1" NoClip="1">
                            <Event Name="ButtonSignal" Function="OnConfirm"/>
                        </Control>
                        <Control Class="Button" Base="CRB_UIKitSprites:btn_listBG" Font="DefaultButton" ButtonType="PushButton" RadioGroup="" LAnchorPoint="0" LAnchorOffset="0" TAnchorPoint=".5" TAnchorOffset="0" RAnchorPoint="1" RAnchorOffset="0" BAnchorPoint="1" BAnchorOffset="0" DT_VCENTER="1" DT_CENTER="1" BGColor="UI_BtnBGDefault" TextColor="UI_BtnTextDefault" NormalTextColor="UI_BtnTextDefault" PressedTextColor="UI_BtnTextDefault" FlybyTextColor="UI_BtnTextDefault" PressedFlybyTextColor="UI_BtnTextDefault" DisabledTextColor="UI_BtnTextDefault" TooltipType="OnCursor" Name="ToSelf" TooltipColor="" NewWindowDepth="1" Text="To Self" TextId="" IfHoldNoSignal="1" NoClip="1">
                            <Event Name="ButtonSignal" Function="OnConfirm"/>
                        </Control>
                    </Control>
                </Control>
            </Control>
        </Control>
    </Form>
    <Form Class="Button" Base="CRB_UIKitSprites:btn_listBG_Arrow" Font="DefaultButton" ButtonType="Check" RadioGroup="" LAnchorPoint="0" LAnchorOffset="0" TAnchorPoint="0" TAnchorOffset="0" RAnchorPoint="1" RAnchorOffset="-15" BAnchorPoint="0" BAnchorOffset="30" DT_VCENTER="1" DT_CENTER="1" BGColor="UI_BtnBGDefault" TextColor="UI_BtnTextDefault" NormalTextColor="UI_BtnTextDefault" PressedTextColor="UI_BtnTextDefault" FlybyTextColor="UI_BtnTextDefault" PressedFlybyTextColor="UI_BtnTextDefault" DisabledTextColor="UI_BtnTextDefault" TooltipType="OnCursor" Name="ListItem" Border="0" Picture="1" SwallowMouseClicks="1" Moveable="0" Escapable="0" Overlapped="1" TooltipColor="" Sprite="" DrawAsCheckbox="0" CheckboxRight="0" Tooltip="" IfHoldNoSignal="1">
        <Control Class="Window" LAnchorPoint="0" LAnchorOffset="2" TAnchorPoint="0" TAnchorOffset="2" RAnchorPoint="0" RAnchorOffset="28" BAnchorPoint="0" BAnchorOffset="28" RelativeToClient="1" Font="Default" Text="" BGColor="UI_WindowBGDefault" TextColor="UI_WindowTextDefault" Template="Default" TooltipType="OnCursor" Name="Icon" TooltipColor="" Sprite="IconSprites:Icon_ItemArmor_Medium_Armor_Gloves_01" Picture="1" IgnoreMouse="1" NewWindowDepth="1" Tooltip="" Subclass="ItemWindowSubclass"/>
        <Control Class="Window" LAnchorPoint="0" LAnchorOffset="40" TAnchorPoint="0" TAnchorOffset="0" RAnchorPoint="1" RAnchorOffset="0" BAnchorPoint="1" BAnchorOffset="0" RelativeToClient="1" Font="CRB_InterfaceMedium_BB" Text="" BGColor="UI_WindowBGDefault" TextColor="UI_WindowTextDefault" Template="Default" TooltipType="OnCursor" Name="Name" TooltipColor="" DT_CENTER="0" DT_VCENTER="1" TextId="Challenges_NoProgress" IgnoreMouse="1" AutoScaleTextOff="1"/>
        <Event Name="ButtonCheck" Function="OnItemCheck"/>
        <Event Name="ButtonUncheck" Function="OnItemUncheck"/>
        <Event Name="MouseButtonDown" Function="OnItemMouseButtonUp"/>
        <Event Name="GenerateTooltip" Function="OnItemGenerateTooltip"/>
    </Form>
    <Form Class="Button" Base="CRB_UIKitSprites:btn_listBG_Arrow" Font="DefaultButton" ButtonType="PushButton" RadioGroup="Players" LAnchorPoint="0" LAnchorOffset="0" TAnchorPoint="0" TAnchorOffset="0" RAnchorPoint="1" RAnchorOffset="-15" BAnchorPoint="0" BAnchorOffset="30" DT_VCENTER="1" DT_CENTER="1" BGColor="UI_BtnBGDefault" TextColor="UI_BtnTextDefault" NormalTextColor="UI_BtnTextDefault" PressedTextColor="UI_BtnTextDefault" FlybyTextColor="UI_BtnTextDefault" PressedFlybyTextColor="UI_BtnTextDefault" DisabledTextColor="UI_BtnTextDefault" TooltipType="OnCursor" Name="ListPlayer" Border="0" Picture="1" SwallowMouseClicks="1" Moveable="0" Escapable="0" Overlapped="1" TooltipColor="" Sprite="" GlobalRadioGroup="" IfHoldNoSignal="1">
        <Control Class="Window" LAnchorPoint="0" LAnchorOffset="2" TAnchorPoint="0" TAnchorOffset="2" RAnchorPoint="0" RAnchorOffset="30" BAnchorPoint="0" BAnchorOffset="28" RelativeToClient="1" Font="Default" Text="" BGColor="UI_WindowBGDefault" TextColor="UI_WindowTextDefault" Template="Default" TooltipType="OnCursor" Name="Icon" TooltipColor="" Sprite="BK3:UI_Icon_CharacterCreate_Class_Medic" Picture="1" IgnoreMouse="1" NewWindowDepth="1"/>
        <Control Class="Window" LAnchorPoint="0" LAnchorOffset="40" TAnchorPoint="0" TAnchorOffset="0" RAnchorPoint="1" RAnchorOffset="0" BAnchorPoint="1" BAnchorOffset="0" RelativeToClient="1" Font="CRB_InterfaceMedium_BB" Text="" BGColor="UI_WindowBGDefault" TextColor="UI_WindowTextDefault" Template="Default" TooltipType="OnCursor" Name="Name" TooltipColor="" DT_CENTER="0" DT_VCENTER="1" TextId="Challenges_NoProgress" IgnoreMouse="1" AutoScaleTextOff="1"/>
        <Event Name="ButtonSignal" Function="OnAssignLoot"/>
    </Form>
</Forms>
